crew_id,name,helpline_email,city,address,skill,experience_years
CRW001,Nicole Morrison,support1@roadsafehq.com,Bhopal,"Unit 5523 Box 4162, DPO AE 15398",Electrical Crew,20
CRW002,Allen Ford,support2@roadsafehq.com,Mumbai,"09170 Nathan Roads, Port Thomas, CT 26771",Emergency Response,2
CRW003,Brittany Leblanc,support3@roadsafehq.com,Mumbai,"93844 Smith Crossroad Suite 641, Smithside, WV 51485",Mechanical Crew,15
CRW004,Sara Barker,support4@roadsafehq.com,Mumbai,"26774 Brown Plains Apt. 259, Garzaborough, TN 91628",Emergency Response,18
CRW005,Tyler Smith,support5@roadsafehq.com,Delhi,"92565 Weiss Forest, West Kenneth, NV 60507",Mechanical Crew,9
CRW006,Kristen Johnson,support6@roadsafehq.com,Lucknow,"5487 Gomez Ridge Suite 803, New Jameshaven, MA 68116",Emergency Response,7
CRW007,Samantha Stevenson,support7@roadsafehq.com,Jaipur,"0109 Murillo Roads Apt. 135, Jessicaview, CT 24077",Electrical Crew,3
CRW008,Nancy Nguyen,support8@roadsafehq.com,Bhopal,"83741 Le Divide Apt. 983, Anthonyshire, KY 57056",Emergency Response,6
CRW009,Phillip Valdez,support9@roadsafehq.com,Mumbai,"983 Martinez Rue, West Mistyborough, AR 26934",Emergency Response,9
CRW010,Kristin Brown,support10@roadsafehq.com,Mumbai,"25118 Campbell Island, West Tinafort, HI 78147",Bridge Repair,5
CRW011,Nathan Gutierrez,support11@roadsafehq.com,Jaipur,"Unit 9914 Box 5184, DPO AE 12169",Signal Maintenance,15
CRW012,Sylvia Scott,support12@roadsafehq.com,Mumbai,"03686 Kathryn Islands, Lake Sarah, AZ 38796",Emergency Response,13
CRW013,Amanda Galloway,support13@roadsafehq.com,Hyderabad,"4166 Wang Mountains, Meyerstown, NM 74419",Signal Maintenance,15
CRW014,Paul Walsh,support14@roadsafehq.com,Bhopal,"948 Jeffrey Flats Suite 908, Port James, PA 51373",Bridge Repair,14
CRW015,Christopher Lewis,support15@roadsafehq.com,Lucknow,"33968 Holland Circles, Joelshire, FL 72451",Mechanical Crew,8
CRW016,Anthony Rogers,support16@roadsafehq.com,Pune,"245 Trevor Junctions Apt. 817, Lake George, CA 64802",Bridge Repair,6
CRW017,Denise Guzman,support17@roadsafehq.com,Chennai,"1512 Robert Springs, Leonardville, SD 40172",Signal Maintenance,14
CRW018,Matthew Bell,support18@roadsafehq.com,Hyderabad,"2579 Elizabeth Forks Suite 176, Lake Julieshire, AL 01189",Signal Maintenance,20
CRW019,Jennifer Harris,support19@roadsafehq.com,Bengaluru,"79916 John Crossroad, Anthonyville, MS 35004",Track Inspection,7
CRW020,Jesus Briggs,support20@roadsafehq.com,Kolkata,"951 Martin Square Suite 435, Bakerfort, WA 01096",Emergency Response,18
CRW021,Gabriel Porter,support21@roadsafehq.com,Mumbai,"670 Dominique Crossroad, Lake Theresa, OH 02244",Mechanical Crew,11
CRW022,Walter Howell,support22@roadsafehq.com,Bhopal,"6055 Megan Cliffs, Christopherville, MN 87345",Electrical Crew,19
CRW023,Dustin Hurst,support23@roadsafehq.com,Bhopal,"5973 Rich Heights, North Kathleenbury, WI 51031",Bridge Repair,5
CRW024,Matthew Thomas,support24@roadsafehq.com,Bengaluru,"379 Jimmy Fall Suite 768, Port Laurenstad, WA 63633",Signal Maintenance,1
CRW025,Angela Bauer,support25@roadsafehq.com,Bhopal,"458 Garcia Vista, West Peter, LA 67952",Signal Maintenance,15
CRW026,Darren Patrick,support26@roadsafehq.com,Lucknow,"USNS Jackson, FPO AE 84378",Emergency Response,1
CRW027,Heather Mills,support27@roadsafehq.com,Chennai,"6457 Nicholson Gardens, South Jasonview, MI 79155",Mechanical Crew,20
CRW028,Jacqueline Smith,support28@roadsafehq.com,Jaipur,"426 Munoz Glens Suite 126, Jillburgh, LA 44242",Bridge Repair,2
CRW029,Olivia Hall,support29@roadsafehq.com,Lucknow,"999 Jenkins Junction Suite 854, Brianport, VT 20706",Mechanical Crew,20
CRW030,Brandi Robbins,support30@roadsafehq.com,Delhi,"Unit 7647 Box 1987, DPO AA 70426",Bridge Repair,17
CRW031,Isaac Sanders,support31@roadsafehq.com,Pune,"5860 Mooney Harbor, Sarahland, IA 59397",Signal Maintenance,16
CRW032,Glenn Davis,support32@roadsafehq.com,Bhopal,"93241 Fry Villages Suite 875, East Teresa, OK 20867",Signal Maintenance,2
CRW033,Walter Aguirre,support33@roadsafehq.com,Hyderabad,"9450 Carolyn Isle, South Larry, PA 17536",Mechanical Crew,19
CRW034,Matthew Williams,support34@roadsafehq.com,Jaipur,"442 Mark Drive Suite 868, North Tracy, CA 94676",Mechanical Crew,3
CRW035,Michael Arnold,support35@roadsafehq.com,Lucknow,"6574 Hicks Port, Stephanieland, IL 07470",Bridge Repair,17
CRW036,Andrea Williams,support36@roadsafehq.com,Pune,"52996 Reed Island Suite 694, Port Emilyland, KS 67840",Mechanical Crew,18
CRW037,Edward Patterson,support37@roadsafehq.com,Hyderabad,"328 Christopher Manors, South Charlesmouth, SD 47833",Track Inspection,20
CRW038,Heather Butler,support38@roadsafehq.com,Mumbai,"88439 Gary Groves Suite 579, Bakerchester, IA 44214",Emergency Response,2
CRW039,Lisa Schmidt,support39@roadsafehq.com,Delhi,"803 Andrea Lane Suite 574, New Christopher, NV 07090",Bridge Repair,4
CRW040,Shannon Morris,support40@roadsafehq.com,Delhi,"61901 Velez Corners, Port Amandastad, SC 48438",Signal Maintenance,5
CRW041,Tami Robbins,support41@roadsafehq.com,Lucknow,"230 Lance Knolls, East Thomasshire, IN 82358",Mechanical Crew,19
CRW042,Betty Stevens,support42@roadsafehq.com,Pune,"96072 Anthony Hollow, Michaelville, CT 84919",Electrical Crew,9
CRW043,Shannon Faulkner,support43@roadsafehq.com,Mumbai,"88689 Gonzales Shores, Lake Joseph, SD 40788",Bridge Repair,10
CRW044,Kristen Garcia,support44@roadsafehq.com,Pune,"54358 Stout Causeway, Lake Johnstad, MT 77954",Emergency Response,4
CRW045,Ryan Orozco,support45@roadsafehq.com,Delhi,"821 Calhoun Vista Apt. 574, Patriciaview, IL 30200",Signal Maintenance,11
CRW046,Janet Cannon,support46@roadsafehq.com,Hyderabad,"92756 Brandi Pike, Hayeschester, KY 72168",Emergency Response,17
CRW047,Tiffany Mckee,support47@roadsafehq.com,Pune,"USCGC Gardner, FPO AP 68155",Signal Maintenance,20
CRW048,Lori Roberts,support48@roadsafehq.com,Kolkata,"Unit 8884 Box 3023, DPO AP 72735",Mechanical Crew,2
CRW049,Laura Lang,support49@roadsafehq.com,Chennai,"14982 Brewer Roads Apt. 079, Wendyborough, AL 60514",Track Inspection,7
CRW050,Kimberly Curtis,support50@roadsafehq.com,Jaipur,"674 Acosta Bridge, Donnaside, WY 82441",Mechanical Crew,16
CRW051,Tasha Rodriguez,support51@roadsafehq.com,Bhopal,"28055 Robin Springs Suite 184, Feliciafort, WV 43511",Signal Maintenance,14
CRW052,Dr. Charles Johnson,support52@roadsafehq.com,Bhopal,"8443 Hernandez Rest Suite 247, Rogersside, SD 58046",Mechanical Crew,9
CRW053,Michael Sanchez,support53@roadsafehq.com,Delhi,"615 Allison Mountains Apt. 857, East Sean, OR 62539",Bridge Repair,6
CRW054,Walter Wilson,support54@roadsafehq.com,Chennai,"786 David Skyway, South Rebeccaton, IL 93271",Mechanical Crew,13
CRW055,Amber Hoffman,support55@roadsafehq.com,Delhi,"USS Haley, FPO AE 24308",Track Inspection,4
CRW056,James Esparza,support56@roadsafehq.com,Delhi,"1939 John Drive, East Daniellebury, IL 04723",Mechanical Crew,8
CRW057,Richard Rodriguez,support57@roadsafehq.com,Bengaluru,"155 Joseph Glens, Sanderston, UT 52615",Electrical Crew,19
CRW058,Wayne Dominguez,support58@roadsafehq.com,Bengaluru,"972 Mcbride Avenue Suite 407, Port Debra, MA 59729",Track Inspection,5
CRW059,Kelli Warren,support59@roadsafehq.com,Chennai,"87184 Angela Forge, Jeremybury, MD 63925",Mechanical Crew,15
CRW060,James Spencer,support60@roadsafehq.com,Pune,"726 Loretta Bypass, Frenchmouth, MN 42315",Bridge Repair,7
CRW061,Kristin Marsh,support61@roadsafehq.com,Mumbai,"56996 Gary Plain Apt. 463, Floresborough, NE 37735",Bridge Repair,6
CRW062,Andrew Pittman,support62@roadsafehq.com,Mumbai,"892 Butler Mount, New Sharon, AZ 55459",Electrical Crew,6
CRW063,Christopher Payne,support63@roadsafehq.com,Lucknow,"07829 Brett Stravenue Suite 574, Jasonton, MI 31070",Emergency Response,2
CRW064,Blake Patterson,support64@roadsafehq.com,Jaipur,"01589 Suarez Coves Apt. 755, Sierrafort, AR 19500",Track Inspection,13
CRW065,Sabrina Blevins,support65@roadsafehq.com,Jaipur,"PSC 2194, Box 6404, APO AP 58122",Emergency Response,8
CRW066,Jeffrey Lloyd,support66@roadsafehq.com,Hyderabad,"0529 Lori Lakes Apt. 639, East Robertbury, MN 56998",Electrical Crew,11
CRW067,Allison Black,support67@roadsafehq.com,Pune,"1916 Brown Summit Apt. 478, New Jasonbury, CT 60963",Bridge Repair,15
CRW068,Bradley Carr,support68@roadsafehq.com,Jaipur,"04749 Lindsey Street Apt. 456, New Marymouth, MT 02960",Emergency Response,2
CRW069,Jeffrey Moore,support69@roadsafehq.com,Pune,"PSC 3023, Box 3678, APO AA 29435",Signal Maintenance,20
CRW070,Chad Branch,support70@roadsafehq.com,Pune,"412 Gilbert Ways Apt. 419, South Charlesfort, WA 35725",Emergency Response,20
CRW071,Shawn Harper,support71@roadsafehq.com,Kolkata,"19521 Adam Pines, South Yesenia, TX 52903",Electrical Crew,10
CRW072,Spencer Hamilton,support72@roadsafehq.com,Lucknow,"666 Hall Key, Nortonfurt, NV 03662",Signal Maintenance,12
CRW073,Randy Jimenez,support73@roadsafehq.com,Bengaluru,"5274 Rivera Key, Tammychester, WY 86382",Signal Maintenance,8
CRW074,Michael Yoder,support74@roadsafehq.com,Delhi,"32655 Weaver Island, Sarachester, ID 81364",Bridge Repair,12
CRW075,Justin Hinton,support75@roadsafehq.com,Jaipur,"680 Kelly Common Apt. 343, Lake Jenniferview, CT 88885",Emergency Response,15
CRW076,Carolyn Armstrong,support76@roadsafehq.com,Mumbai,"8215 Austin Shoals Apt. 235, Banksmouth, NC 07347",Mechanical Crew,16
CRW077,Jimmy Roman,support77@roadsafehq.com,Chennai,"1088 Jessica Shore Suite 700, Sharpburgh, SD 77483",Bridge Repair,14
CRW078,Michael Johnson,support78@roadsafehq.com,Lucknow,"2240 Ferguson Freeway Suite 870, Port Ericaton, RI 29208",Electrical Crew,15
CRW079,Angela Andersen,support79@roadsafehq.com,Chennai,"1178 Maria Crest Suite 146, West Stephanie, MI 24156",Emergency Response,5
CRW080,Joshua Miller,support80@roadsafehq.com,Delhi,"818 Brown Cliffs, Gregoryside, FL 64256",Emergency Response,1
CRW081,Jeffrey Massey,support81@roadsafehq.com,Hyderabad,"55575 Smith Street, Luisstad, AK 87311",Mechanical Crew,6
CRW082,Michelle Green,support82@roadsafehq.com,Kolkata,"4412 Mcmahon Mall Suite 498, Lake Christine, KS 97463",Mechanical Crew,15
CRW083,Andrea Porter,support83@roadsafehq.com,Lucknow,"0131 Case Parks, Port Donna, DC 57441",Track Inspection,8
CRW084,Denise Matthews,support84@roadsafehq.com,Delhi,"USS Miller, FPO AE 65760",Electrical Crew,2
CRW085,Margaret Martinez,support85@roadsafehq.com,Chennai,"37522 Jessica Fork, Gabrielton, KY 56871",Electrical Crew,8
CRW086,Gary Chavez,support86@roadsafehq.com,Mumbai,"206 Ann Fords, Wendyshire, MO 81967",Bridge Repair,5
CRW087,Jesus Harris,support87@roadsafehq.com,Bhopal,"24322 Thomas Trail, Ramirezport, CO 49077",Signal Maintenance,12
CRW088,James Johnson,support88@roadsafehq.com,Mumbai,"63298 John Pine, Allenborough, MT 70975",Electrical Crew,8
CRW089,Michael Leblanc,support89@roadsafehq.com,Pune,"47696 Richard Roads Apt. 805, Port Amanda, NY 41378",Emergency Response,11
CRW090,Bob Joseph,support90@roadsafehq.com,Hyderabad,"92940 Timothy Glen Apt. 310, Lake Timothy, NM 45881",Bridge Repair,8
CRW091,Brittany Anderson,support91@roadsafehq.com,Hyderabad,"Unit 0069 Box 9439, DPO AA 89169",Signal Maintenance,15
CRW092,Traci Cabrera,support92@roadsafehq.com,Hyderabad,"7945 Janet Circles, Marymouth, OH 43606",Electrical Crew,10
CRW093,Abigail Perry,support93@roadsafehq.com,Kolkata,"32293 James Glens Suite 424, Aarontown, LA 48933",Track Inspection,17
CRW094,Andre Lowe,support94@roadsafehq.com,Chennai,"PSC 5014, Box 2796, APO AP 36118",Electrical Crew,2
CRW095,Alexander Ryan,support95@roadsafehq.com,Delhi,"257 Tran Meadows Suite 908, Myersfort, MT 34932",Mechanical Crew,11
CRW096,Sheila Knight,support96@roadsafehq.com,Bengaluru,"3161 Carey Stream, Lake Angelafort, VT 14526",Track Inspection,10
CRW097,Tina Nguyen,support97@roadsafehq.com,Lucknow,"3405 Ramos Viaduct Apt. 387, New Cindy, AL 97232",Track Inspection,16
CRW098,Krista Jackson,support98@roadsafehq.com,Bhopal,"02918 Nicholas Ranch, Karenchester, MT 06549",Signal Maintenance,19
CRW099,Cassandra Richard,support99@roadsafehq.com,Hyderabad,"2879 Roberts Turnpike Apt. 104, West Amandafurt, IL 35809",Track Inspection,20
CRW100,Leah Cunningham,support100@roadsafehq.com,Jaipur,"197 Robert Isle, Michaelview, MT 42484",Mechanical Crew,19
